tract,Community_Name,Beds Available,Unsheltered Homeless People,SOD
101110,Sunland-Tujunga,0,1,-1
101122,Sunland-Tujunga,0,0,0
101210,Sunland-Tujunga,0,5,-5
101220,Sunland-Tujunga,0,34,-34
101300,Sunland-Tujunga,0,20,-20
101400,Sunland-Tujunga,0,12,-12
102103,Sun Valley,0,8,-8
102104,Sun Valley,0,0,0
102105,Sun Valley,0,10,-10
102107,Foothill Trails,0,5,-5
103101,Sunland-Tujunga,0,7,-7
103102,Sunland-Tujunga,0,12,-12
103200,Foothill Trails,0,55,-55
103300,Foothill Trails,0,15,-15
103400,Sunland-Tujunga,0,18,-18
104103,Foothill Trails,0,33,-33
104105,Pacoima,0,7,-7
104108,Pacoima,0,6,-6
104124,Angeles National Forest,0,0,0
104201,Pacoima,0,24,-24
104203,Pacoima,0,2,-2
104204,Foothill Trails,0,17,-17
104310,Pacoima,0,6,-6
104320,Pacoima,0,3,-3
104401,Pacoima,0,2,-2
104403,Pacoima,0,20,-20
104404,Pacoima,0,14,-14
104500,Pacoima,0,2,-2
104610,Pacoima,0,3,-3
104620,Pacoima,0,19,-19
104701,Pacoima,0,2,-2
104703,Pacoima,0,62,-62
104704,Pacoima,0,9,-9
104810,Pacoima,0,0,0
104821,Pacoima,0,3,-3
104822,Pacoima,0,26,-26
106010,Sylmar,0,0,0
106020,Sylmar,0,43,-43
106111,Sylmar,0,2,-2
106112,Sylmar,0,13,-13
106113,Sylmar,0,50,-50
106114,Sylmar,0,22,-22
106403,Sylmar,0,4,-4
106405,Sylmar,0,3,-3
106406,Sylmar,0,9,-9
106407,Sylmar,0,0,0
106408,Sylmar,0,2,-2
106510,Sylmar,0,12,-12
106520,Sylmar,0,44,-44
106603,Granada Hills,0,0,0
106604,Sylmar,0,15,-15
106641,Granada Hills,0,0,0
106642,Granada Hills,0,4,-4
106643,Granada Hills,0,2,-2
106645,Granada Hills,0,0,0
106646,Granada Hills,0,3,-3
106648,Sylmar,0,0,0
106649,Sylmar,0,0,0
107010,Sylmar,0,4,-4
107020,Sylmar,0,2,-2
108101,Porter Ranch,0,0,0
108102,Porter Ranch,0,0,0
108103,Porter Ranch,0,0,0
108104,Porter Ranch,0,0,0
108201,Porter Ranch,0,5,-5
108202,Porter Ranch,0,0,0
109100,Mission Hills,0,35,-35
109200,Granada Hills,0,0,0
109300,Granada Hills,0,55,-55
109400,Mission Hills,0,25,-25
109500,Mission Hills,0,81,-81
109601,Mission Hills,0,4,-4
109603,Mission Hills,0,50,-50
109604,Mission Hills,0,34,-34
109700,Granada Hills,0,13,-13
109800,North Hills,0,5,-5
111100,Granada Hills,0,0,0
111201,Granada Hills,0,2,-2
111202,Granada Hills,0,4,-4
111204,Northridge,0,3,-3
111205,Northridge,0,2,-2
111206,Northridge,0,0,0
111301,Granada Hills,0,11,-11
111302,Northridge,0,0,0
111400,Granada Hills,0,2,-2
113101,Chatsworth,0,3,-3
113102,Chatsworth,0,15,-15
113211,Chatsworth,0,0,0
113212,Chatsworth,0,0,0
113213,Chatsworth,0,13,-13
113231,West Hills,0,12,-12
113232,West Hills,0,6,-6
113233,Canoga Park,0,5,-5
113234,Canoga Park,0,8,-8
113235,Chatsworth,0,0,0
113237,Chatsworth,0,47,-47
113301,Northridge,0,15,-15
113303,Chatsworth,0,51,-51
113321,Chatsworth,0,14,-14
113322,Chatsworth,0,10,-10
113401,Northridge,0,9,-9
113421,Winnetka,0,35,-35
113422,Winnetka,0,0,0
115101,Northridge,0,5,-5
115103,Northridge,0,0,0
115104,Northridge,0,12,-12
115201,Northridge,0,3,-3
115202,Northridge,0,26,-26
115301,Northridge,0,0,0
115302,Northridge,0,17,-17
115401,Northridge,0,1,-1
115403,Northridge,0,10,-10
115404,Northridge,0,2,-2
117101,North Hills,0,16,-16
117102,North Hills,0,12,-12
117201,North Hills,0,7,-7
117202,North Hills,0,5,-5
117301,North Hills,0,0,0
117302,Northridge,0,0,0
117303,North Hills,0,49,-49
117404,North Hills,0,34,-34
117405,North Hills,0,2,-2
117407,North Hills,0,9,-9
117408,North Hills,0,57,-57
117510,North Hills,0,15,-15
117520,North Hills,0,20,-20
117530,North Hills,0,71,-71
119001,Arleta,0,4,-4
119002,Arleta,0,19,-19
119201,Arleta,0,16,-16
119202,Arleta,0,2,-2
119310,Panorama City,0,2,-2
119320,Panorama City,0,3,-3
119340,Panorama City,0,2,-2
119341,Panorama City,0,8,-8
119342,Panorama City,0,0,0
119400,Arleta,0,0,0
119700,Arleta,0,9,-9
119800,Arleta,0,20,-20
119900,Panorama City,0,10,-10
120010,Panorama City,0,7,-7
120020,Panorama City,0,18,-18
120030,Panorama City,0,20,-20
120103,Panorama City,0,5,-5
120104,Panorama City,0,23,-23
120105,Panorama City,0,6,-6
120106,Panorama City,0,2,-2
120107,Panorama City,0,7,-7
120108,Panorama City,0,20,-20
120300,Panorama City,0,13,-13
120400,Panorama City,0,6,-6
121010,Sun Valley,0,35,-35
121020,North Hollywood,0,0,0
121101,Sun Valley,0,12,-12
121102,Sun Valley,0,58,-58
121210,Sun Valley,0,25,-25
121221,Sun Valley,0,10,-10
121222,Sun Valley,0,28,-28
121600,North Hollywood,0,5,-5
121801,North Hollywood,0,2,-2
121802,North Hollywood,106,41,65
121900,Sun Valley,127,30,97
122000,North Hollywood,0,38,-38
122120,Sun Valley,0,16,-16
122121,Sun Valley,0,0,0
122122,Sun Valley,0,98,-98
122200,Sun Valley,0,24,-24
122410,North Hollywood,0,14,-14
122420,North Hollywood,0,17,-17
123010,Sun Valley,0,27,-27
123020,Sun Valley,0,26,-26
123103,North Hollywood,0,42,-42
123104,North Hollywood,0,6,-6
123203,North Hollywood,0,11,-11
123204,North Hollywood,0,17,-17
123205,North Hollywood,0,18,-18
123206,North Hollywood,0,18,-18
123301,North Hollywood,0,49,-49
123303,North Hollywood,0,16,-16
123304,North Hollywood,0,41,-41
123410,North Hollywood,0,10,-10
123420,North Hollywood,0,7,-7
123510,Van Nuys,0,17,-17
123520,Van Nuys,0,8,-8
123601,Van Nuys,0,34,-34
123602,Van Nuys,0,1,-1
123700,North Hollywood,0,4,-4
123800,North Hollywood,0,47,-47
123901,North Hollywood,0,18,-18
123902,North Hollywood,0,31,-31
124000,Valley Village,0,9,-9
124102,North Hollywood,0,8,-8
124103,North Hollywood,0,5,-5
124104,North Hollywood,0,14,-14
124105,North Hollywood,0,6,-6
124201,North Hollywood,0,9,-9
124203,North Hollywood,0,4,-4
124204,North Hollywood,0,7,-7
124300,North Hollywood,0,10,-10
124400,Valley Village,0,15,-15
124500,Sherman Oaks,0,0,0
124600,Sherman Oaks,0,5,-5
124700,Sherman Oaks,0,16,-16
124902,Valley Village,0,6,-6
124903,Valley Village,0,4,-4
125100,Valley Village,0,5,-5
125200,Valley Village,0,89,-89
125310,North Hollywood,0,32,-32
125320,North Hollywood,0,46,-46
125401,North Hollywood,0,11,-11
125402,North Hollywood,0,9,-9
125501,North Hollywood,0,20,-20
125502,North Hollywood,0,2,-2
125600,North Hollywood,0,7,-7
127102,Van Nuys,0,4,-4
127103,Van Nuys,0,30,-30
127104,Van Nuys,0,0,0
127210,Van Nuys,0,30,-30
127220,Van Nuys,0,22,-22
127300,Van Nuys,0,51,-51
127400,Lake Balboa,0,35,-35
127520,North Hills,0,52,-52
127603,Lake Balboa,0,0,0
127604,Lake Balboa,0,1,-1
127605,Lake Balboa,0,30,-30
127606,Lake Balboa,0,19,-19
127711,Van Nuys,0,10,-10
127712,Van Nuys,0,0,0
127803,Van Nuys,0,22,-22
127804,Van Nuys,0,0,0
127805,Van Nuys,0,3,-3
127806,Van Nuys,0,34,-34
127910,Van Nuys,0,10,-10
127920,Van Nuys,0,0,0
128101,Van Nuys,0,4,-4
128102,Van Nuys,0,15,-15
128210,Van Nuys,0,47,-47
128220,Van Nuys,0,0,0
128302,Van Nuys,0,12,-12
128303,Van Nuys,0,9,-9
128400,Van Nuys,0,63,-63
128500,Sherman Oaks,0,3,-3
128601,Van Nuys,0,25,-25
128602,Sherman Oaks,0,2,-2
128702,Sherman Oaks,0,0,0
128801,Sherman Oaks,0,1,-1
128802,Sherman Oaks,0,2,-2
128910,Sherman Oaks,0,13,-13
131010,Reseda,0,3,-3
131020,Reseda,0,10,-10
131100,Lake Balboa,0,3,-3
131200,Northridge,0,0,0
131300,Reseda,0,4,-4
131400,Reseda,0,0,0
131600,Reseda,0,7,-7
131701,Reseda,0,0,0
131702,Reseda,0,17,-17
131800,Reseda,0,19,-19
131900,Lake Balboa,0,0,0
132001,Lake Balboa,0,4,-4
132002,Lake Balboa,0,7,-7
132101,Lake Balboa,0,1,-1
132102,Lake Balboa,0,12,-12
132300,Reseda,0,19,-19
132501,Reseda,0,35,-35
132502,Reseda,0,10,-10
132700,Reseda,0,17,-17
132900,Tarzana,0,10,-10
133000,Reseda,0,10,-10
133100,Tarzana,0,19,-19
134001,Winnetka,0,7,-7
134002,Winnetka,0,8,-8
134101,Winnetka,0,0,0
134103,Winnetka,0,9,-9
134104,Winnetka,0,3,-3
134201,Canoga Park,0,22,-22
134302,West Hills,0,2,-2
134303,Canoga Park,0,32,-32
134304,Canoga Park,0,1,-1
134305,Canoga Park,0,6,-6
134306,Canoga Park,0,10,-10
134421,West Hills,0,2,-2
134422,West Hills,0,26,-26
134423,West Hills,0,6,-6
134424,West Hills,0,2,-2
134520,Canoga Park,0,36,-36
134521,Canoga Park,0,37,-37
134522,Canoga Park,0,2,-2
134710,Winnetka,0,0,0
134720,Winnetka,0,6,-6
134800,Winnetka,0,3,-3
134901,Tarzana,0,7,-7
134903,Woodland Hills,0,18,-18
134904,Winnetka,0,8,-8
134905,Woodland Hills,0,12,-12
135102,West Hills,0,0,0
135111,Woodland Hills,0,6,-6
135113,Woodland Hills,0,2,-2
135114,Woodland Hills,0,12,-12
135201,West Hills,0,22,-22
135202,West Hills,0,4,-4
135203,West Hills,0,4,-4
137000,Woodland Hills,0,0,0
137103,Woodland Hills,0,5,-5
137104,Woodland Hills,0,3,-3
137201,Woodland Hills,0,1,-1
137301,Woodland Hills,0,1,-1
137302,Woodland Hills,0,6,-6
137401,Woodland Hills,0,3,-3
137402,Woodland Hills,0,7,-7
137501,Woodland Hills,0,5,-5
137502,Woodland Hills,0,11,-11
137504,Woodland Hills,0,0,0
138000,Woodland Hills,0,2,-2
139001,Encino,0,0,0
139200,Encino,0,0,0
139301,Tarzana,0,16,-16
139302,Tarzana,0,4,-4
139303,Tarzana,0,1,-1
139401,Tarzana,0,14,-14
139402,Tarzana,0,18,-18
139502,Encino,0,3,-3
139503,Encino,0,0,0
139504,Encino,0,1,-1
139600,Encino,0,7,-7
139701,Encino,0,9,-9
139702,Encino,0,0,0
139703,Encino,0,3,-3
139801,Tarzana,0,0,0
139802,Tarzana,0,0,0
141101,Sherman Oaks,0,0,0
141102,Sherman Oaks,0,1,-1
141201,Sherman Oaks,0,16,-16
141202,Sherman Oaks,0,1,-1
141302,Sherman Oaks,0,7,-7
141303,Sherman Oaks,0,3,-3
141304,Sherman Oaks,0,4,-4
141400,Encino,0,12,-12
141500,Encino,0,0,0
141600,Sherman Oaks,0,0,0
141700,Sherman Oaks,0,0,0
143100,North Hollywood,0,14,-14
143200,Studio City,0,10,-10
143300,Studio City,0,11,-11
143400,Studio City,0,8,-8
143500,Studio City,0,1,-1
143602,Studio City,0,6,-6
143603,Studio City,0,8,-8
143604,Studio City,0,23,-23
143700,Hollywood Hills West,0,28,-28
143800,Studio City,0,0,0
143901,Studio City,0,8,-8
143902,Studio City,0,4,-4
181000,Eagle Rock,0,39,-39
181300,Eagle Rock,0,24,-24
181400,Eagle Rock,0,27,-27
181500,Eagle Rock,0,10,-10
181600,Eagle Rock,0,4,-4
183101,Highland Park,0,20,-20
183103,Highland Park,0,1,-1
183104,Highland Park,0,2,-2
183220,Highland Park,0,0,0
183221,Highland Park,0,0,0
183222,Highland Park,0,4,-4
183300,Highland Park,0,8,-8
183401,Highland Park,0,14,-14
183402,Eagle Rock,0,19,-19
183510,Highland Park,0,18,-18
183520,Highland Park,0,13,-13
183610,Highland Park,0,23,-23
183620,Highland Park,0,5,-5
183701,Highland Park,0,37,-37
183702,Eagle Rock,0,6,-6
183810,Highland Park,0,6,-6
183820,Highland Park,0,14,-14
185100,Eagle Rock,0,39,-39
185202,Eagle Rock,0,15,-15
185203,Cypress Park,0,22,-22
185204,Cypress Park,0,19,-19
185310,Cypress Park,0,5,-5
185320,Cypress Park,0,12,-12
186100,Glassell Park,0,10,-10
186201,Eagle Rock,0,9,-9
186202,Eagle Rock,0,24,-24
186203,Eagle Rock,0,17,-17
186301,Glassell Park,0,3,-3
186302,Glassell Park,0,17,-17
186401,Glassell Park,0,19,-19
186403,Glassell Park,0,38,-38
186404,Glassell Park,0,14,-14
187101,Atwater Village,0,14,-14
187102,Atwater Village,0,18,-18
187200,Elysian Valley,0,14,-14
187300,Silver Lake,0,19,-19
188100,Atwater Village,0,38,-38
188201,Los Feliz,0,5,-5
188202,Los Feliz,0,3,-3
188300,Atwater Village,0,6,-6
189101,Los Feliz,0,8,-8
189102,Los Feliz,0,5,-5
189201,Los Feliz,0,19,-19
189202,Los Feliz,0,4,-4
189300,Hollywood,0,2,-2
189400,Hollywood,12,11,1
189500,Hollywood,0,3,-3
189600,Hollywood,0,24,-24
189701,Hollywood,0,10,-10
189702,Hollywood Hills West,0,12,-12
189800,Hollywood Hills West,0,11,-11
189902,Hollywood Hills West,0,10,-10
189903,Hollywood Hills West,0,3,-3
189904,Hollywood Hills West,0,13,-13
189905,Hollywood Hills West,0,19,-19
190100,Hollywood,0,36,-36
190201,Hollywood Hills West,8,17,-9
190202,Hollywood Hills West,0,38,-38
190301,Hollywood,10,6,4
190401,Los Feliz,0,5,-5
190402,Los Feliz,0,7,-7
190510,Hollywood,0,11,-11
190520,Hollywood,0,2,-2
190700,Hollywood,46,83,-37
190801,Hollywood,0,139,-139
190802,Hollywood,0,38,-38
190901,Hollywood,114,71,43
190902,Hollywood,0,28,-28
191000,Hollywood,83,52,31
191110,Hollywood,0,24,-24
191120,Hollywood,0,22,-22
191201,Hollywood,0,30,-30
191203,Hollywood,0,25,-25
191204,Hollywood,0,7,-7
191301,Hollywood,10,51,-41
191302,Hollywood,0,24,-24
191410,Hollywood,0,12,-12
191420,Hollywood,0,6,-6
191500,Hollywood,0,17,-17
191610,Hollywood,0,79,-79
191620,Hollywood,0,39,-39
191710,Hollywood,0,13,-13
191720,Hollywood,0,7,-7
191810,Hollywood,0,49,-49
191820,Hollywood,0,44,-44
191901,Hollywood,16,55,-39
191902,Miracle Mile,0,25,-25
192001,Mid-City West,0,19,-19
192002,Mid-City West,0,19,-19
192300,Miracle Mile,0,5,-5
192410,Miracle Mile,0,4,-4
192420,Miracle Mile,0,1,-1
192510,Wilshire Center-Koreatown,0,15,-15
192520,Wilshire Center-Koreatown,0,1,-1
192610,Wilshire Center-Koreatown,0,82,-82
192620,Wilshire Center-Koreatown,0,32,-32
192700,Hollywood,140,117,23
194101,Hollywood Hills West,0,7,-7
194102,Hollywood Hills West,0,15,-15
194200,Bel Air-Beverly Crest,0,0,0
194300,Bel Air-Beverly Crest,0,0,0
194401,Mid-City West,0,7,-7
194402,Mid-City West,0,10,-10
194500,Mid-City West,0,50,-50
195100,Silver Lake,0,2,-2
195201,Los Feliz,0,0,0
195202,Los Feliz,0,4,-4
195300,Los Feliz,0,26,-26
195400,Silver Lake,0,28,-28
195500,Silver Lake,0,22,-22
195600,Echo Park,42,34,8
195710,Echo Park,365,45,320
195720,Echo Park,0,30,-30
195802,Rampart Village,0,57,-57
195803,Silver Lake,0,6,-6
195804,Silver Lake,0,31,-31
195901,Silver Lake,0,7,-7
195902,Silver Lake,0,0,0
195903,Silver Lake,0,14,-14
197200,Elysian Valley,0,20,-20
197300,Echo Park,0,2,-2
197410,Echo Park,0,8,-8
197420,Echo Park,72,4,68
197500,Echo Park,31,80,-49
197600,Echo Park,0,30,-30
197700,Chinatown,0,2,-2
199000,Lincoln Heights,0,102,-102
199110,El Sereno,69,2,67
199120,Lincoln Heights,0,24,-24
199201,Lincoln Heights,0,35,-35
199202,Lincoln Heights,0,1,-1
199300,Eagle Rock,0,8,-8
199400,Eagle Rock,0,17,-17
199700,Lincoln Heights,0,18,-18
199800,Lincoln Heights,0,9,-9
199900,Lincoln Heights,0,15,-15
201110,El Sereno,0,14,-14
201120,El Sereno,0,15,-15
201200,El Sereno,0,12,-12
201301,El Sereno,0,20,-20
201302,Eagle Rock,0,4,-4
201401,El Sereno,0,13,-13
201402,El Sereno,0,6,-6
201501,El Sereno,0,15,-15
201503,El Sereno,0,2,-2
201504,El Sereno,0,11,-11
201601,El Sereno,0,10,-10
201602,El Sereno,0,34,-34
201700,El Sereno,0,8,-8
203100,Boyle Heights,0,0,0
203200,Boyle Heights,0,3,-3
203300,Lincoln Heights,0,22,-22
203500,Boyle Heights,0,42,-42
203600,Boyle Heights,0,3,-3
203710,Boyle Heights,0,0,0
203720,Boyle Heights,0,3,-3
203800,Boyle Heights,0,4,-4
203900,Boyle Heights,0,17,-17
204110,Boyle Heights,0,15,-15
204120,Boyle Heights,0,0,0
204200,Boyle Heights,0,3,-3
204300,Boyle Heights,0,12,-12
204410,Boyle Heights,0,7,-7
204420,Boyle Heights,153,3,150
204600,Boyle Heights,0,30,-30
204700,Boyle Heights,0,49,-49
204810,Boyle Heights,0,11,-11
204820,Boyle Heights,0,10,-10
204910,Boyle Heights,0,3,-3
204920,Boyle Heights,0,33,-33
205110,Boyle Heights,0,6,-6
205120,Boyle Heights,72,35,37
206010,Chinatown,0,20,-20
206020,Chinatown,0,22,-22
206031,Downtown Los Angeles,0,139,-139
206032,Boyle Heights,84,85,-1
206050,Boyle Heights,0,41,-41
206200,Skid Row,132,519,-387
206300,Skid Row,2464,1211,1253
207101,Chinatown,0,65,-65
207102,Chinatown,0,189,-189
207103,Chinatown,0,11,-11
207301,Skid Row,550,148,402
207302,Skid Row,0,60,-60
207400,Downtown Los Angeles,0,129,-129
207501,Downtown Los Angeles,0,19,-19
207502,Downtown Los Angeles,0,55,-55
207710,Downtown Los Angeles,66,101,-35
207900,Downtown Los Angeles,0,81,-81
208000,Echo Park,0,28,-28
208301,Westlake,0,3,-3
208302,Westlake,123,4,119
208401,Echo Park,0,6,-6
208402,Echo Park,0,44,-44
208501,Echo Park,0,28,-28
208502,Echo Park,0,19,-19
208610,Rampart Village,80,22,58
208620,Rampart Village,0,9,-9
208710,Rampart Village,0,9,-9
208720,Westlake,186,25,161
208801,Westlake,0,264,-264
208802,Westlake,0,12,-12
208902,Westlake,0,14,-14
208903,Westlake,401,35,366
208904,Westlake,0,6,-6
209102,Westlake,29,29,0
209103,Westlake,0,1,-1
209104,Westlake,110,2,108
209200,Downtown Los Angeles,0,31,-31
209300,Westlake,0,51,-51
209401,Westlake,0,47,-47
209402,Westlake,0,25,-25
209403,Westlake,0,16,-16
209510,Westlake,0,34,-34
209520,Westlake,0,44,-44
209810,Pico Union,0,5,-5
209820,Pico Union,0,2,-2
210010,Pico Union,0,35,-35
211000,Miracle Mile,0,9,-9
211120,Rampart Village,0,49,-49
211121,Rampart Village,0,33,-33
211122,Rampart Village,0,71,-71
211201,Wilshire Center-Koreatown,0,2,-2
211202,Wilshire Center-Koreatown,0,3,-3
211310,Wilshire Center-Koreatown,0,0,0
211320,Wilshire Center-Koreatown,0,8,-8
211410,Wilshire Center-Koreatown,0,8,-8
211420,Wilshire Center-Koreatown,0,2,-2
211500,Miracle Mile,0,9,-9
211701,Miracle Mile,0,3,-3
211703,Miracle Mile,0,8,-8
211704,Miracle Mile,0,9,-9
211802,Wilshire Center-Koreatown,0,41,-41
211803,Wilshire Center-Koreatown,0,7,-7
211804,Wilshire Center-Koreatown,0,13,-13
211910,Wilshire Center-Koreatown,0,3,-3
211921,Wilshire Center-Koreatown,0,23,-23
211922,Wilshire Center-Koreatown,0,4,-4
212101,Wilshire Center-Koreatown,0,11,-11
212102,Wilshire Center-Koreatown,0,7,-7
212202,Westlake,0,2,-2
212203,Westlake,0,14,-14
212204,Westlake,0,65,-65
212303,Wilshire Center-Koreatown,0,7,-7
212304,Wilshire Center-Koreatown,0,5,-5
212305,Wilshire Center-Koreatown,0,14,-14
212306,Wilshire Center-Koreatown,0,12,-12
212410,Wilshire Center-Koreatown,0,2,-2
212420,Wilshire Center-Koreatown,0,4,-4
212501,Wilshire Center-Koreatown,0,2,-2
212502,Wilshire Center-Koreatown,0,29,-29
212610,Miracle Mile,0,14,-14
212620,Miracle Mile,0,3,-3
212701,Miracle Mile,0,4,-4
212702,Miracle Mile,0,4,-4
212800,Miracle Mile,0,13,-13
212900,Miracle Mile,0,18,-18
213100,Miracle Mile,0,17,-17
213201,Wilshire Center-Koreatown,0,34,-34
213202,Miracle Mile,0,1,-1
213310,Pico Union,0,9,-9
213320,Pico Union,0,20,-20
213401,Westlake,0,7,-7
213402,Pico Union,0,5,-5
214000,Mid-City West,0,12,-12
214100,Miracle Mile,0,8,-8
214400,Mid-City West,0,15,-15
214501,Mid-City West,0,14,-14
214502,Mid-City West,0,3,-3
214503,Mid-City West,0,2,-2
214600,Mid-City West,0,8,-8
214700,Mid-City West,0,5,-5
214800,Mid-City West,0,7,-7
214901,Mid-City West,0,0,0
214902,Mid-City West,0,14,-14
215101,Mid-City West,0,12,-12
215102,Mid-City West,0,4,-4
216100,Miracle Mile,0,4,-4
216200,Mid-City West,0,3,-3
216300,Mid-City West,0,1,-1
216401,Palms,0,8,-8
216402,Palms,0,1,-1
216700,Miracle Mile,0,4,-4
216800,Miracle Mile,0,11,-11
216900,Miracle Mile,0,26,-26
217001,Palms,0,4,-4
217002,Palms,0,32,-32
217100,Miracle Mile,0,8,-8
217200,Miracle Mile,0,1,-1
218110,West Adams-Expo Park,17,23,-6
218120,West Adams-Expo Park,30,59,-29
218210,Mid City,0,4,-4
218220,Mid City,0,9,-9
218300,Mid City,0,24,-24
218400,Mid City,0,21,-21
218500,Mid City,26,12,14
218600,Mid City,0,2,-2
218701,West Adams-Expo Park,0,8,-8
218702,West Adams-Expo Park,0,14,-14
218800,West Adams-Expo Park,0,31,-31
218900,West Adams-Expo Park,0,29,-29
219010,West Adams-Expo Park,0,22,-22
219020,West Adams-Expo Park,0,46,-46
219300,West Adams-Expo Park,0,14,-14
219500,Adams-La Brea,0,26,-26
219700,Adams-La Brea,0,16,-16
219800,Adams-La Brea,0,25,-25
219901,Adams-La Brea,0,26,-26
219902,Adams-La Brea,0,15,-15
220000,Adams-La Brea,0,20,-20
220100,Adams-La Brea,0,5,-5
221110,Pico Union,0,14,-14
221120,Pico Union,0,6,-6
221210,West Adams-Expo Park,0,14,-14
221220,Pico Union,0,46,-46
221302,West Adams-Expo Park,0,52,-52
221303,West Adams-Expo Park,0,25,-25
221304,West Adams-Expo Park,0,2,-2
221401,West Adams-Expo Park,0,63,-63
221402,West Adams-Expo Park,0,2,-2
221500,Adams,0,14,-14
221601,Adams,0,21,-21
221602,Pico Union,0,26,-26
221710,Adams,0,21,-21
221810,Adams,0,20,-20
221820,Adams,0,1,-1
221900,Adams,0,2,-2
222001,Adams,0,12,-12
222002,Adams,0,23,-23
222100,Adams,0,31,-31
222200,Adams,0,12,-12
222500,Adams,0,6,-6
222600,Adams,0,6,-6
222700,Adams,0,102,-102
224010,Downtown Los Angeles,0,61,-61
224020,South Central,0,43,-43
224200,Pico Union,0,27,-27
224310,Pico Union,0,2,-2
224320,Pico Union,0,17,-17
224410,University Park,0,22,-22
224420,University Park,0,42,-42
224600,South Central,305,90,215
224700,University Park,0,62,-62
226001,Downtown Los Angeles,0,175,-175
226002,Downtown Los Angeles,97,493,-396
226410,South Central,0,22,-22
226420,South Central,0,14,-14
226700,South Central,0,31,-31
227010,South Central,0,38,-38
227020,South Central,0,2,-2
228100,South Central,0,36,-36
228210,South Central,0,5,-5
228220,Central Alameda,0,26,-26
228310,South Central,0,25,-25
228320,South Park,0,22,-22
228410,South Central,0,6,-6
228420,South Park,0,15,-15
228500,South Park,0,73,-73
228600,South Park,0,14,-14
228710,Central Alameda,0,21,-21
228720,Central Alameda,0,8,-8
228800,Central Alameda,0,47,-47
228900,Central Alameda,0,46,-46
229100,Central Alameda,0,108,-108
229200,South Park,0,25,-25
229300,South Park,0,12,-12
229410,South Park,0,39,-39
229420,South Park,0,17,-17
231100,South Central,431,284,147
231210,Adams,0,0,0
231220,Adams,192,30,162
231300,Adams,0,31,-31
231400,Adams,0,0,0
231500,Vermont Square,0,11,-11
231600,Vermont Square,22,21,1
231710,Vermont Square,0,78,-78
231720,Vermont Square,0,40,-40
231800,South Park,0,24,-24
231900,South Park,0,110,-110
232110,Vermont Square,0,26,-26
232120,Vermont Square,0,69,-69
232200,Vermont Square,0,13,-13
232300,Vermont Square,0,15,-15
232400,Vermont Square,59,46,13
232500,Vermont Square,87,22,65
232600,Vermont Square,0,6,-6
232700,Vermont Square,240,103,137
232800,South Park,0,98,-98
234000,Baldwin Hills / Crenshaw,0,8,-8
234200,Baldwin Hills / Crenshaw,0,38,-38
234300,Baldwin Hills / Crenshaw,0,74,-74
234501,Baldwin Hills / Crenshaw,0,13,-13
234502,Baldwin Hills / Crenshaw,35,18,17
234600,Baldwin Hills / Crenshaw,8,74,-66
234700,Baldwin Hills / Crenshaw,0,16,-16
234800,Baldwin Hills / Crenshaw,0,47,-47
234901,Baldwin Hills / Crenshaw,0,20,-20
234902,Baldwin Hills / Crenshaw,0,7,-7
235100,Baldwin Hills / Crenshaw,0,4,-4
235201,Baldwin Hills / Crenshaw,12,5,7
235202,Baldwin Hills / Crenshaw,0,14,-14
236000,Baldwin Hills / Crenshaw,0,4,-4
236100,Baldwin Hills / Crenshaw,0,20,-20
236202,Baldwin Hills / Crenshaw,0,29,-29
236203,Baldwin Hills / Crenshaw,0,9,-9
236204,Baldwin Hills / Crenshaw,0,6,-6
236400,Baldwin Hills / Crenshaw,0,0,0
237101,Vermont Square,0,12,-12
237102,Vermont Square,0,75,-75
237201,Vermont Square,0,42,-42
237202,Vermont Square,0,33,-33
237300,Vermont Square,80,30,50
237401,Vermont Square,0,18,-18
237402,Vermont Square,0,9,-9
237500,South Vermont,0,53,-53
237600,South Vermont,0,52,-52
237710,South Vermont,0,35,-35
237720,South Vermont,0,7,-7
237800,South Vermont,0,4,-4
237900,South Vermont,0,2,-2
238000,South Vermont,0,18,-18
238100,South Vermont,62,9,53
238200,South Vermont,0,7,-7
238310,South Vermont,0,35,-35
238320,South Vermont,458,40,418
238400,South Vermont,0,23,-23
239201,South Park,0,88,-88
239202,South Park,0,62,-62
239310,South Park,0,28,-28
239320,South Park,0,11,-11
239330,South Park,0,17,-17
239501,South Park,0,7,-7
239502,South Park,0,3,-3
239601,South Park,0,34,-34
239602,South Park,0,51,-51
239701,South Park,24,33,-9
239702,South Park,0,62,-62
239801,South Park,0,13,-13
239802,South Park,0,20,-20
240010,Green Meadows,0,7,-7
240020,Green Meadows,0,9,-9
240200,Green Meadows,0,24,-24
240300,South Vermont,0,37,-37
240401,South Vermont,25,17,8
240402,South Vermont,0,58,-58
240500,Green Meadows,0,30,-30
240600,Green Meadows,0,29,-29
240700,Green Meadows,0,96,-96
240800,Green Meadows,0,26,-26
240900,Green Meadows,0,44,-44
241001,Green Meadows,0,76,-76
241002,Green Meadows,0,61,-61
241110,Green Meadows,0,14,-14
241120,Green Meadows,0,6,-6
241201,South Vermont,0,7,-7
241202,Green Meadows,0,4,-4
241300,Harbor Gateway,0,34,-34
241400,Green Meadows,0,81,-81
242000,Watts,232,9,223
242100,Watts,0,12,-12
242200,Watts,0,10,-10
242300,Watts,0,13,-13
242600,Watts,0,97,-97
242700,Watts,0,10,-10
243000,Watts,0,22,-22
243100,Watts,0,34,-34
261101,Bel Air-Beverly Crest,0,0,0
261102,Bel Air-Beverly Crest,0,6,-6
261200,Bel Air-Beverly Crest,0,2,-2
262100,Bel Air-Beverly Crest,0,0,0
262200,Bel Air-Beverly Crest,0,0,0
262301,Brentwood,0,3,-3
262302,Brentwood,0,0,0
262303,Brentwood,0,2,-2
262400,Brentwood,0,0,0
262501,Pacific Palisades,0,0,0
262601,Pacific Palisades,0,0,0
262604,Pacific Palisades,0,26,-26
262704,Pacific Palisades,0,43,-43
262706,Pacific Palisades,0,15,-15
262802,Pacific Palisades,0,17,-17
264000,Brentwood,0,2,-2
264102,Brentwood,0,0,0
264103,Brentwood,0,3,-3
264301,Brentwood,0,16,-16
264302,Brentwood,0,15,-15
265100,Westwood,0,2,-2
265201,Westwood,0,4,-4
265202,Westwood,0,38,-38
265301,Westwood,0,15,-15
265303,Westwood,0,0,0
265304,Westwood,0,3,-3
265305,Westwood,0,11,-11
265410,Brentwood,0,1,-1
265420,Westwood,0,0,0
265510,Westwood,0,13,-13
265520,Westwood,0,45,-45
265601,Westwood,0,16,-16
265602,Westwood,0,3,-3
265700,Westwood,0,5,-5
267100,Westside,0,11,-11
267200,Westside,0,40,-40
267300,West Los Angeles,0,42,-42
267402,West Los Angeles,0,17,-17
267403,West Los Angeles,160,5,155
267404,West Los Angeles,0,7,-7
267501,West Los Angeles,0,15,-15
267502,West Los Angeles,0,28,-28
267600,West Los Angeles,0,25,-25
267700,West Los Angeles,0,17,-17
267800,Westside,169,21,148
267901,Westside,0,0,0
267902,Westside,0,3,-3
269000,Westside,0,11,-11
269100,Palms,0,6,-6
269300,Westside,0,4,-4
269500,Palms,0,2,-2
269601,Palms,0,15,-15
269602,Palms,0,2,-2
269700,Palms,0,16,-16
269800,Palms,0,18,-18
269903,Palms,0,15,-15
269904,Palms,0,28,-28
269905,Palms,0,24,-24
269906,Palms,0,10,-10
269907,Palms,0,13,-13
270100,Palms,0,39,-39
270200,Palms,4,63,-59
270300,Mid City,0,39,-39
271100,Westside,0,37,-37
271200,Mar Vista,0,27,-27
271300,Mar Vista,0,19,-19
271400,Mar Vista,0,6,-6
271500,Mar Vista,8,2,6
271600,Mar Vista,0,4,-4
271701,Mar Vista,0,1,-1
271702,Mar Vista,0,38,-38
271801,Mar Vista,0,6,-6
271802,Palms,0,9,-9
271901,Mar Vista,0,1,-1
271902,Mar Vista,0,0,0
272100,Mar Vista,0,2,-2
272201,Mar Vista,6,30,-24
272202,Mar Vista,0,21,-21
272301,Mar Vista,0,4,-4
272302,Mar Vista,0,2,-2
273100,Venice,0,54,-54
273200,Venice,0,110,-110
273300,Venice,0,232,-232
273402,Venice,0,203,-203
273502,Venice,0,122,-122
273600,Venice,0,72,-72
273700,Venice,0,8,-8
273800,Venice,0,43,-43
273902,Venice,0,44,-44
274100,Venice,0,30,-30
274202,Venice,0,25,-25
275101,Del Rey,0,18,-18
275102,Del Rey,0,28,-28
275200,Del Rey,0,4,-4
275302,Del Rey,0,21,-21
275311,Del Rey,0,20,-20
275400,Del Rey,0,23,-23
275500,Del Rey,0,16,-16
275602,Del Rey,0,26,-26
275603,Del Rey,0,44,-44
276000,Westchester/Playa Del Rey,0,15,-15
276100,Westchester/Playa Del Rey,0,31,-31
276400,Westchester/Playa Del Rey,0,4,-4
276500,Westchester/Playa Del Rey,18,6,12
276601,Westchester/Playa Del Rey,0,15,-15
276603,Westchester/Playa Del Rey,0,27,-27
276604,Westchester/Playa Del Rey,0,23,-23
277000,Westchester/Playa Del Rey,0,8,-8
277100,Westchester/Playa Del Rey,0,36,-36
277200,Westchester/Playa Del Rey,0,33,-33
277400,Westchester/Playa Del Rey,0,421,-421
278001,Westchester/Playa Del Rey,0,36,-36
278102,Westchester/Playa Del Rey,0,13,-13
291110,Harbor Gateway,0,5,-5
291120,Harbor Gateway,0,26,-26
291130,Harbor Gateway,0,5,-5
291210,Harbor Gateway,0,8,-8
291220,Harbor Gateway,0,8,-8
291300,Harbor Gateway,0,65,-65
292000,Harbor Gateway,0,21,-21
293201,Harbor Gateway,0,10,-10
293202,Harbor Gateway,0,15,-15
293301,Harbor City,0,0,0
293302,Harbor City,0,0,0
293304,Harbor City,0,29,-29
293306,Harbor City,0,0,0
293307,Harbor City,0,11,-11
294110,Wilmington,0,1,-1
294120,Wilmington,0,24,-24
294200,Wilmington,0,13,-13
294301,Wilmington,0,12,-12
294302,Wilmington,0,10,-10
294410,Harbor City,0,43,-43
294421,Harbor City,0,28,-28
294510,Wilmington,0,15,-15
294520,Wilmington,0,37,-37
294610,Wilmington,0,9,-9
294620,Wilmington,0,68,-68
294701,Wilmington,0,62,-62
294810,Wilmington,0,25,-25
294820,Wilmington,0,26,-26
294830,Wilmington,0,94,-94
294900,Wilmington,0,3,-3
295103,San Pedro,0,25,-25
296210,San Pedro,0,14,-14
296220,San Pedro,0,41,-41
296300,San Pedro,0,43,-43
296401,San Pedro,0,2,-2
296402,San Pedro,0,9,-9
296500,San Pedro,0,16,-16
296600,San Pedro,0,55,-55
296901,San Pedro,0,0,0
296902,San Pedro,0,19,-19
297000,San Pedro,0,0,0
297110,San Pedro,0,88,-88
297120,San Pedro,0,22,-22
297201,San Pedro,0,4,-4
297202,San Pedro,0,0,0
297300,San Pedro,0,0,0
297400,San Pedro,0,5,-5
297500,San Pedro,0,8,-8
297601,San Pedro,0,5,-5
297602,San Pedro,0,2,-2
702901,Marina del Rey,0,31,-31
930401,Woodland Hills,0,2,-2
980008,Lake Balboa,0,4,-4
980009,Los Feliz,0,69,-69
980010,Echo Park,0,1,-1
980014,Wilmington,0,149,-149
980015,San Pedro,0,24,-24
980019,Pacific Palisades,0,0,0
980020,Foothill Trails,0,0,0
980021,Pacoima,0,63,-63
980022,Granada Hills,0,0,0
980023,Chatsworth,0,0,0
980024,Lake Balboa,0,254,-254
980026,Sunland-Tujunga,0,0,0
980028,Westchester/Playa Del Rey,0,36,-36
980031,Wilmington,0,10,-10
530700,East Los Angeles,0,17,-17